source_row_index,process,category,start_ns,duration_ns
7780,python (3410),Compute,10794577083,23167
7781,python (3410),Compute,10797025625,969833
7782,python (3410),Compute,10798057291,992542
7783,python (3410),Compute,10799051458,319250
7784,python (3410),Compute,10800165125,1096000
7785,python (3410),Compute,10801263333,1152167
7786,python (3410),Compute,10802417250,349458
7787,python (3410),Compute,10803443083,924583
7788,python (3410),Compute,10804368666,968417
7789,python (3410),Compute,10805338750,325500
7790,python (3410),Compute,10806339000,1080458
7791,python (3410),Compute,10807421000,1143000
7792,python (3410),Compute,10808565625,343000
7793,python (3410),Compute,10809592333,1124542
7794,python (3410),Compute,10810721375,1156958
7795,python (3410),Compute,10811879958,329333
7796,python (3410),Compute,10812948125,1045083
7797,python (3410),Compute,10813994666,1149500
7798,python (3410),Compute,10815145750,352625
7799,python (3410),Compute,10815883250,1091416
7800,python (3410),Compute,10816979208,1162500
7801,python (3410),Compute,10818143166,360334
7802,python (3410),Compute,10818868708,1095208
7803,python (3410),Compute,10819965500,1068208
7804,python (3410),Compute,10821035000,315416
7805,python (3410),Compute,10821727958,1076000
7806,python (3410),Compute,10822808625,813916
7807,python (3410),Compute,10823626750,295041
7808,python (3410),Compute,10824427250,1236916
7818,python (3410),Compute,10825665291,950875
7819,python (3410),Compute,10826617666,280084
7820,python (3410),Compute,10827235250,1017666
7821,python (3410),Compute,10828254250,967125
7822,python (3410),Compute,10829222166,188334
7823,python (3410),Compute,10829721708,632292
7824,python (3410),Compute,10830358208,677458
7825,python (3410),Compute,10831039750,217083
7826,python (3410),Compute,10831561791,739292
7827,python (3410),Compute,10832301958,891167
7828,python (3410),Compute,10833194750,305333
7829,python (3410),Compute,10833818833,1064375
7830,python (3410),Compute,10834887833,1044375
7831,python (3410),Compute,10835933666,340875
7832,python (3410),Compute,10836605083,730750
7833,python (3410),Compute,10837336708,528167
7834,python (3410),Compute,10837865666,173709
7835,python (3410),Compute,10838366583,540625
7836,python (3410),Compute,10838908041,554834
7837,python (3410),Compute,10839467083,173250
7838,python (3410),Compute,10839965416,740375
7839,python (3410),Compute,10840706541,721584
7840,python (3410),Compute,10841429041,204209
7841,python (3410),Compute,10842015375,651083
7842,python (3410),Compute,10842670583,701958
7843,python (3410),Compute,10843376416,215542
7844,python (3410),Compute,10843963666,602042
7845,python (3410),Compute,10844566875,573791
7846,python (3410),Compute,10845141458,161667
7847,python (3410),Compute,10845666791,609250
7848,python (3410),Compute,10846277000,612250
7849,python (3410),Compute,10846893625,221541
7850,python (3410),Compute,10847486916,677250
7851,python (3410),Compute,10848168375,885083
7852,python (3410),Compute,10849054875,326708
7853,python (3410),Compute,10849780625,560041
7854,python (3410),Compute,10850341416,587292
7855,python (3410),Compute,10850929583,179500
7856,python (3410),Compute,10851472666,585459
7857,python (3410),Compute,10852062208,674417
7858,python (3410),Compute,10852738125,170666
7859,python (3410),Compute,10853253875,515333
7860,python (3410),Compute,10853769958,527125
7861,python (3410),Compute,10854297875,162791
7862,python (3410),Compute,10854810125,515625
7863,python (3410),Compute,10855327000,583333
7864,python (3410),Compute,10855914625,201916
7865,python (3410),Compute,10856486666,564292
7866,python (3410),Compute,10857054916,530334
7867,python (3410),Compute,10857586000,144875
7868,python (3410),Compute,10858062375,550166
7878,python (3410),Compute,10858613291,465542
7879,python (3410),Compute,10859079750,142750
7880,python (3410),Compute,10859578875,523750
7881,python (3410),Compute,10860106750,554583
7882,python (3410),Compute,10860662250,159166
7883,python (3410),Compute,10861155375,449666
7884,python (3410),Compute,10861605791,465584
7885,python (3410),Compute,10862072208,144667
7886,python (3410),Compute,10862562666,447000
7887,python (3410),Compute,10863010416,519334
7888,python (3410),Compute,10863530708,160667
7889,python (3410),Compute,10864052166,546084
7890,python (3410),Compute,10864602333,525583
7891,python (3410),Compute,10865131791,192417
7892,python (3410),Compute,10865682333,522542
7893,python (3410),Compute,10866208916,539959
7894,python (3410),Compute,10866749791,161792
7895,python (3410),Compute,10867247083,539417
7896,python (3410),Compute,10867790625,542750
7897,python (3410),Compute,10868334250,166166
7898,python (3410),Compute,10868840416,505875
7899,python (3410),Compute,10869346916,466709
7900,python (3410),Compute,10869814416,147792
7901,python (3410),Compute,10870317416,449042
7902,python (3410),Compute,10870767208,463125
7903,python (3410),Compute,10871231125,145500
7904,python (3410),Compute,10871713958,447500
7905,python (3410),Compute,10872162208,505042
7908,python (3410),Compute,10872668041,143667
7917,python (3410),Compute,10873195625,455458
7920,python (3410),Compute,10873655083,426750
7921,python (3410),Compute,10874082541,133584
7922,python (3410),Compute,10874553750,482916
7923,python (3410),Compute,10875040666,523042
7924,python (3410),Compute,10875567458,154250
7925,python (3410),Compute,10876089541,496917
7926,python (3410),Compute,10876590458,475042
7927,python (3410),Compute,10877067041,138709
7928,python (3410),Compute,10877512250,390333
7929,python (3410),Compute,10877903250,430458
7930,python (3410),Compute,10878334416,131667
7931,python (3410),Compute,10878797166,424917
7932,python (3410),Compute,10879222791,496292
7933,python (3410),Compute,10879723208,148917
7934,python (3410),Compute,10880208791,417542
7935,python (3410),Compute,10880627000,484000
7936,python (3410),Compute,10881114750,141583
7937,python (3410),Compute,10881608541,437375
7938,python (3410),Compute,10882049833,435625
7939,python (3410),Compute,10882486125,126125
7940,python (3410),Compute,10882947166,379125
7941,python (3410),Compute,10883326875,714458
7960,python (3410),Compute,10884042125,112958
7961,python (3410),Compute,10884510500,395083
7962,python (3410),Compute,10884906250,430750
7963,python (3410),Compute,10885337875,129250
7964,python (3410),Compute,10885784916,388500
7965,python (3410),Compute,10886174125,414166
7966,python (3410),Compute,10886589000,128958
7967,python (3410),Compute,10887127625,358416
7968,python (3410),Compute,10887486666,388375
7970,python (3410),Compute,10887875666,125500
7972,python (3410),Compute,10888352458,446042
7973,python (3410),Compute,10888802458,461000
7974,python (3410),Compute,10889267166,132709
7975,python (3410),Compute,10889763500,410125
7976,python (3410),Compute,10890177541,437167
7977,python (3410),Compute,10890615375,120416
7978,python (3410),Compute,10891118500,339625
7979,python (3410),Compute,10891458708,369667
7983,python (3410),Compute,10891828958,408417
8002,python (3410),Compute,10892698791,337667
8003,python (3410),Compute,10893037166,395792
8004,python (3410),Compute,10893433666,114875
8005,python (3410),Compute,10893842791,340334
8006,python (3410),Compute,10894183750,406791
8007,python (3410),Compute,10894594250,126708
8008,python (3410),Compute,10895059916,339000
8009,python (3410),Compute,10895399500,367666
8010,python (3410),Compute,10895767791,117459
8011,python (3410),Compute,10896216500,338958
8012,python (3410),Compute,10896556083,461458
8013,python (3410),Compute,10897021291,116542
8014,python (3410),Compute,10897486541,444584
8015,python (3410),Compute,10897935041,426375
8016,python (3410),Compute,10898362041,140792
8017,python (3410),Compute,10898852458,356583
8018,python (3410),Compute,10899209625,374791
8019,python (3410),Compute,10899585000,124541
8020,python (3410),Compute,10900041666,430000
8021,python (3410),Compute,10900472291,408500
8022,python (3410),Compute,10900884875,120750
8023,python (3410),Compute,10901350583,340125
8024,python (3410),Compute,10901691333,368792
8025,python (3410),Compute,10902060750,115166
8026,python (3410),Compute,10902479958,340667
8027,python (3410),Compute,10902821208,433000
8028,python (3410),Compute,10903254833,121792
8029,python (3410),Compute,10903692416,338334
8030,python (3410),Compute,10904031333,367250
8031,python (3410),Compute,10904399208,114792
8032,python (3410),Compute,10904853750,339500
8033,python (3410),Compute,10905193833,368958
8034,python (3410),Compute,10905563416,115250
8035,python (3410),Compute,10906002583,352333
8038,python (3410),Compute,10906355500,404208
8048,python (3410),Compute,10906760500,115208
8050,python (3410),Compute,10907401291,327000
8051,python (3410),Compute,10907728875,386333
8052,python (3410),Compute,10908119750,115666
8053,python (3410),Compute,10908574041,402042
8054,python (3410),Compute,10908981250,367791
8055,python (3410),Compute,10909349708,109833
8056,python (3410),Compute,10909767333,322667
8057,python (3410),Compute,10910090583,387583
8058,python (3410),Compute,10910483458,111542
8059,python (3410),Compute,10910916833,377750
8060,python (3410),Compute,10911295458,431000
8061,python (3410),Compute,10911727125,109000
8062,python (3410),Compute,10912157541,353042
8063,python (3410),Compute,10912515833,450292
8064,python (3410),Compute,10912971291,123959
8065,python (3410),Compute,10913425083,403000
8066,python (3410),Compute,10913833333,450667
8067,python (3410),Compute,10914288875,110083
8068,python (3410),Compute,10914722833,383750
8069,python (3410),Compute,10915107166,433167
8070,python (3410),Compute,10915540958,110792
8071,python (3410),Compute,10915944958,335417
8072,python (3410),Compute,10916281000,356750
8073,python (3410),Compute,10916638416,115459
8074,python (3410),Compute,10917046416,325709
8075,python (3410),Compute,10917372708,350292
8076,python (3410),Compute,10917723708,110208
8077,python (3410),Compute,10918131791,586000
8096,python (3410),Compute,10918718375,353958
8097,python (3410),Compute,10919072916,109042
8098,python (3410),Compute,10919489750,321583
8099,python (3410),Compute,10919811916,364375
8100,python (3410),Compute,10920176916,110084
8101,python (3410),Compute,10920580041,321125
8102,python (3410),Compute,10920901750,349083
8103,python (3410),Compute,10921251500,108500
8106,python (3410),Compute,10921711208,373250
8107,python (3410),Compute,10922085250,446125
8108,python (3410),Compute,10922536500,117125
8109,python (3410),Compute,10922981375,318750
8110,python (3410),Compute,10923300666,419959
8111,python (3410),Compute,10923724333,107458
8112,python (3410),Compute,10924180666,322250
8113,python (3410),Compute,10924503375,357000
8114,python (3410),Compute,10924861000,109166
8115,python (3410),Compute,10925294708,319750
8116,python (3410),Compute,10925615041,339250
8117,python (3410),Compute,10925954916,108292
8118,python (3410),Compute,10926382958,599292
8140,python (3410),Compute,10926982791,328917
8141,python (3410),Compute,10927312416,108500
8142,python (3410),Compute,10927803083,319458
8143,python (3410),Compute,10928123208,348625
8144,python (3410),Compute,10928472500,108166
8145,python (3410),Compute,10928900375,314708
8146,python (3410),Compute,10929216000,346750
8147,python (3410),Compute,10929563375,110250
8148,python (3410),Compute,10930054625,315208
8149,python (3410),Compute,10930370416,347417
8150,python (3410),Compute,10930718666,107542
8151,python (3410),Compute,10931152500,311958
8152,python (3410),Compute,10931465208,345125
8153,python (3410),Compute,10931810958,109625
8154,python (3410),Compute,10932220375,306500
8155,python (3410),Compute,10932527458,340708
8156,python (3410),Compute,10932869041,105875
8157,python (3410),Compute,10933273083,297167
8158,python (3410),Compute,10933570791,326584
8159,python (3410),Compute,10933897958,102875
8160,python (3410),Compute,10934288250,297291
8161,python (3410),Compute,10934586166,326459
8162,python (3410),Compute,10934913291,105709
8163,python (3410),Compute,10935311500,292833
8164,python (3410),Compute,10935604875,328083
8165,python (3410),Compute,10935933583,104667
8166,python (3410),Compute,10936332708,306292
8167,python (3410),Compute,10936639583,341250
8168,python (3410),Compute,10936981416,106792
8169,python (3410),Compute,10937398291,308417
8170,python (3410),Compute,10937707291,336084
8171,python (3410),Compute,10938044000,107083
8172,python (3410),Compute,10938486708,307292
8173,python (3410),Compute,10938794583,337792
8174,python (3410),Compute,10939133041,103875
8175,python (3410),Compute,10939549208,306583
8176,python (3410),Compute,10939856375,343041
8177,python (3410),Compute,10940199916,109750
8178,python (3410),Compute,10940615000,321125
8179,python (3410),Compute,10940936708,350292
8180,python (3410),Compute,10941287625,109666
8181,python (3410),Compute,10941684708,320750
8182,python (3410),Compute,10942006041,350375
8183,python (3410),Compute,10942357041,109834
8184,python (3410),Compute,10942748291,319917
8185,python (3410),Compute,10943068791,351292
8186,python (3410),Compute,10943420666,109542
8187,python (3410),Compute,10943810208,319958
8188,python (3410),Compute,10944130750,353416
8189,python (3410),Compute,10944484791,109542
8190,python (3410),Compute,10944923458,321292
8191,python (3410),Compute,10945245333,351833
8192,python (3410),Compute,10945597791,108834
8193,python (3410),Compute,10946022083,320625
8194,python (3410),Compute,10946343291,349334
8195,python (3410),Compute,10946693250,110875
8196,python (3410),Compute,10947113958,320000
8197,python (3410),Compute,10947434541,353917
8198,python (3410),Compute,10947789041,109667
8203,python (3410),Compute,10948252916,361250
8212,python (3410),Compute,10948614750,401250
8213,python (3410),Compute,10949016625,125958
8214,python (3410),Compute,10949458500,378375
8215,python (3410),Compute,10949837458,405583
8216,python (3410),Compute,10950243666,125625
8217,python (3410),Compute,10950703166,389667
8218,python (3410),Compute,10951093500,411500
8219,python (3410),Compute,10951505708,128083
8220,python (3410),Compute,10951932625,388833
8221,python (3410),Compute,10952322125,411000
8222,python (3410),Compute,10952733791,120125
8223,python (3410),Compute,10953164166,359375
8224,python (3410),Compute,10953524166,384792
8225,python (3410),Compute,10953909625,123041
8226,python (3410),Compute,10954348666,356542
8227,python (3410),Compute,10954705833,384292
8228,python (3410),Compute,10955090708,119917
8229,python (3410),Compute,10955519125,357458
8230,python (3410),Compute,10955877208,383625
8231,python (3410),Compute,10956261500,121375
8234,python (3410),Compute,10956843750,406333
8239,python (3410),Compute,10957250666,406709
8240,python (3410),Compute,10957657958,126083
8241,python (3410),Compute,10958076166,432625
8242,python (3410),Compute,10958509541,555375
8243,python (3410),Compute,10959065666,131417
8244,python (3410),Compute,10959488208,413833
8245,python (3410),Compute,10959903166,558875
8255,python (3410),Compute,10960469666,74209
8262,python (3410),Compute,10960698958,200875
8269,python (3410),Compute,10961281375,359500
8270,python (3410),Compute,10961641500,384791
8271,python (3410),Compute,10962027000,122541
8272,python (3410),Compute,10962491333,357958
8273,python (3410),Compute,10962849791,384167
8274,python (3410),Compute,10963234583,119708
8279,python (3410),Compute,10963735833,366292
8282,python (3410),Compute,10964102708,398833
8285,python (3410),Compute,10964502041,119584
8286,python (3410),Compute,10964979333,455417
8287,python (3410),Compute,10965435375,471708
8288,python (3410),Compute,10965907666,133167
8289,python (3410),Compute,10966379708,416250
8290,python (3410),Compute,10966796666,857417
8312,python (3410),Compute,10967655041,141917
8313,python (3410),Compute,10968121750,459041
8314,python (3410),Compute,10968581583,550333
8315,python (3410),Compute,10969132916,159375
8316,python (3410),Compute,10969630375,448250
8317,python (3410),Compute,10970079791,464167
8318,python (3410),Compute,10970544750,142875
8319,python (3410),Compute,10971019000,452875
8326,python (3410),Compute,10971472750,527416
8327,python (3410),Compute,10972004083,165417
8328,python (3410),Compute,10972504666,553542
8329,python (3410),Compute,10973062291,485042
8330,python (3410),Compute,10973548125,143333
8331,python (3410),Compute,10974022125,457291
8332,python (3410),Compute,10974480166,466542
8333,python (3410),Compute,10974947500,144291
8349,python (3410),Compute,10975447458,601042
8356,python (3410),Compute,10976049250,464625
8357,python (3410),Compute,10976514791,159709
8358,python (3410),Compute,10977004333,483375
8359,python (3410),Compute,10977488458,531042
8360,python (3410),Compute,10978020375,163208
8361,python (3410),Compute,10978497250,448833
8362,python (3410),Compute,10978946833,463792
8363,python (3410),Compute,10979411416,145625
8370,python (3410),Compute,10979935708,518458
8371,python (3410),Compute,10980458291,568625
8372,python (3410),Compute,10981030875,155083
8373,python (3410),Compute,10981547000,428375
8374,python (3410),Compute,10981979416,449709
8375,python (3410),Compute,10982429875,138750
8376,python (3410),Compute,10982872583,419167
8377,python (3410),Compute,10983292458,772542
8399,python (3410),Compute,10984065916,136334
8400,python (3410),Compute,10984516125,502125
8401,python (3410),Compute,10985022375,530791
8402,python (3410),Compute,10985557500,148833
8403,python (3410),Compute,10986040916,495917
8404,python (3410),Compute,10986538000,447125
8405,python (3410),Compute,10986985916,128417
8406,python (3410),Compute,10987433958,389292
8407,python (3410),Compute,10987823916,410959
8408,python (3410),Compute,10988235625,127916
8413,python (3410),Compute,10988676041,401084
8418,python (3410),Compute,10989077791,412459
8419,python (3410),Compute,10989490958,129208
8420,python (3410),Compute,10989922791,463125
8421,python (3410),Compute,10990389916,477334
8422,python (3410),Compute,10990867958,136458
8423,python (3410),Compute,10991319041,419084
8424,python (3410),Compute,10991738833,628167
8446,python (3410),Compute,10992443833,253958
8447,python (3410),Compute,10992718500,142958
8448,python (3410),Compute,10993206083,518750
8449,python (3410),Compute,10993725916,473250
8450,python (3410),Compute,10994200000,155750
8451,python (3410),Compute,10994679416,435750
8452,python (3410),Compute,10995115750,413958
8453,python (3410),Compute,10995530416,129209
8454,python (3410),Compute,10995986333,390292
8455,python (3410),Compute,10996377291,414792
8460,python (3410),Compute,10996792666,133125
8465,python (3410),Compute,10997256333,390417
8466,python (3410),Compute,10997647458,495208
8467,python (3410),Compute,10998146541,146459
8468,python (3410),Compute,10998775291,420500
8469,python (3410),Compute,10999196458,438750
8470,python (3410),Compute,10999635916,136709
8471,python (3410),Compute,11000109958,853042
8493,python (3410),Compute,11000963875,465416
8494,python (3410),Compute,11001430208,148375
8495,python (3410),Compute,11001903333,529583
8496,python (3410),Compute,11002433791,517209
8497,python (3410),Compute,11002951875,150208
8498,python (3410),Compute,11003449875,388583
8499,python (3410),Compute,11003839166,414625
8500,python (3410),Compute,11004254500,128125
8501,python (3410),Compute,11004712458,393833
8508,python (3410),Compute,11005107083,436000
8509,python (3410),Compute,11005543791,128542
8510,python (3410),Compute,11005991041,470250
8511,python (3410),Compute,11006464958,482500
8512,python (3410),Compute,11006951166,137709
8513,python (3410),Compute,11007407250,420333
8514,python (3410),Compute,11007828250,440166
8515,python (3410),Compute,11008269166,139375
8537,python (3410),Compute,11009016041,446667
8538,python (3410),Compute,11009463458,468708
8539,python (3410),Compute,11009933041,143667
8540,python (3410),Compute,11010451875,490500
8541,python (3410),Compute,11010943083,481083
8542,python (3410),Compute,11011428333,151292
8543,python (3410),Compute,11011906250,388541
8544,python (3410),Compute,11012295500,412000
8545,python (3410),Compute,11012708208,129208
8546,python (3410),Compute,11013156291,392209
8550,python (3410),Compute,11013549208,413083
8554,python (3410),Compute,11013963041,127750
8556,python (3410),Compute,11014365708,420500
8559,python (3410),Compute,11014787166,449084
8560,python (3410),Compute,11015236916,145250
8561,python (3410),Compute,11015697166,418709
8562,python (3410),Compute,11016116458,438375
8563,python (3410),Compute,11016555541,351042
8585,python (3410),Compute,11017120708,13750
8586,python (3410),Compute,11017542833,498042
8587,python (3410),Compute,11018041541,469834
8588,python (3410),Compute,11018512625,154416
8589,python (3410),Compute,11018952833,410167
8590,python (3410),Compute,11019367000,501666
8591,python (3410),Compute,11019872791,144917
8592,python (3410),Compute,11020340666,388834
8593,python (3410),Compute,11020730041,412167
8594,python (3410),Compute,11021142916,129125
8599,python (3410),Compute,11021718916,403667
8604,python (3410),Compute,11022123250,480208
8605,python (3410),Compute,11022604291,155292
8606,python (3410),Compute,11023083833,442875
8607,python (3410),Compute,11023527416,477959
8608,python (3410),Compute,11024006083,139625
8609,python (3410),Compute,11024457500,425083
8610,python (3410),Compute,11024883250,459166
8611,python (3410),Compute,11025343458,135125
8631,python (3410),Compute,11025952958,439958
8634,python (3410),Compute,11026393666,423500
8635,python (3410),Compute,11026817958,131875
8636,python (3410),Compute,11027259041,395917
8637,python (3410),Compute,11027655625,420000
8638,python (3410),Compute,11028076333,133458
8639,python (3410),Compute,11028629833,397292
8640,python (3410),Compute,11029027833,429250
8641,python (3410),Compute,11029457875,134083
8642,python (3410),Compute,11030067583,398875
8647,python (3410),Compute,11030467208,436458
8652,python (3410),Compute,11030904583,131250
8653,python (3410),Compute,11031381666,395125
8654,python (3410),Compute,11031777458,441208
8655,python (3410),Compute,11032219250,139041
8656,python (3410),Compute,11032766958,398375
8657,python (3410),Compute,11033166000,417750
8658,python (3410),Compute,11033584500,129416
8674,python (3410),Compute,11034109708,484917
8681,python (3410),Compute,11034595416,426584
8682,python (3410),Compute,11035023125,130666
8683,python (3410),Compute,11035511458,393375
8684,python (3410),Compute,11035905500,418208
8685,python (3410),Compute,11036324458,130833
8686,python (3410),Compute,11036764958,390708
8687,python (3410),Compute,11037156333,414000
8688,python (3410),Compute,11037571000,128083
8689,python (3410),Compute,11038125958,396958
8696,python (3410),Compute,11038523625,434125
8697,python (3410),Compute,11038961375,135083
8698,python (3410),Compute,11039440791,392292
8699,python (3410),Compute,11039833791,419834
8700,python (3410),Compute,11040254375,128708
8701,python (3410),Compute,11040700875,391416
8702,python (3410),Compute,11041093000,414208
8703,python (3410),Compute,11041507958,128167
8709,python (3410),Compute,11041941375,635208
8726,python (3410),Compute,11042577250,417541
8727,python (3410),Compute,11042995875,128416
8728,python (3410),Compute,11043432125,391750
8729,python (3410),Compute,11043824625,416583
8730,python (3410),Compute,11044242041,131834
8731,python (3410),Compute,11044680750,404250
8732,python (3410),Compute,11045085666,436459
8733,python (3410),Compute,11045522833,128958
8734,python (3410),Compute,11045959041,389875
8735,python (3410),Compute,11046349583,412083
8740,python (3410),Compute,11046762708,132833
8743,python (3410),Compute,11047288000,408916
8744,python (3410),Compute,11047697666,452750
8745,python (3410),Compute,11048151291,144500
8746,python (3410),Compute,11048757125,390041
8747,python (3410),Compute,11049147875,412958
8748,python (3410),Compute,11049561583,127917
8749,python (3410),Compute,11050006750,661541
8771,python (3410),Compute,11050669041,409167
8772,python (3410),Compute,11051079208,129708
8773,python (3410),Compute,11051524375,409250
8774,python (3410),Compute,11051934583,431958
8775,python (3410),Compute,11052367333,128750
8776,python (3410),Compute,11052814708,403250
8777,python (3410),Compute,11053218708,433333
8778,python (3410),Compute,11053652750,129125
8779,python (3410),Compute,11054084208,390250
8780,python (3410),Compute,11054475125,412291
8781,python (3410),Compute,11054888166,127959
8786,python (3410),Compute,11055308708,400083
8791,python (3410),Compute,11055709500,492708
8792,python (3410),Compute,11056206083,150958
8793,python (3410),Compute,11056829958,463125
8794,python (3410),Compute,11057293750,415125
8795,python (3410),Compute,11057709541,127209
8796,python (3410),Compute,11058163041,381625
8797,python (3410),Compute,11058545291,799959
8819,python (3410),Compute,11059346166,126959
8820,python (3410),Compute,11059779916,426750
8821,python (3410),Compute,11060207333,484125
8822,python (3410),Compute,11060693083,146875
8823,python (3410),Compute,11061158250,430541
8824,python (3410),Compute,11061589500,412750
8825,python (3410),Compute,11062002916,128500
8826,python (3410),Compute,11062454333,387958
8827,python (3410),Compute,11062843000,411916
8832,python (3410),Compute,11063255625,125916
8837,python (3410),Compute,11063691708,404667
8838,python (3410),Compute,11064097208,507542
8839,python (3410),Compute,11064608500,144708
8840,python (3410),Compute,11065244083,464000
8841,python (3410),Compute,11065708708,405000
8842,python (3410),Compute,11066114416,132042
8843,python (3410),Compute,11066547875,389041
8847,python (3410),Compute,11066937583,754958
8866,python (3410),Compute,11067693333,129500
8867,python (3410),Compute,11068139375,470166
8868,python (3410),Compute,11068613583,486958
8869,python (3410),Compute,11069104541,142000
8870,python (3410),Compute,11069584375,433958
8871,python (3410),Compute,11070019250,416166
8872,python (3410),Compute,11070436208,128208
8873,python (3410),Compute,11070876000,376375
8874,python (3410),Compute,11071252875,383125
8875,python (3410),Compute,11071636625,119250
8882,python (3410),Compute,11072113458,460375
8883,python (3410),Compute,11072577750,494000
8884,python (3410),Compute,11073077750,144833
8885,python (3410),Compute,11073642750,422000
8886,python (3410),Compute,11074065375,413500
8887,python (3410),Compute,11074479541,129292
8888,python (3410),Compute,11074922750,650083
8910,python (3410),Compute,11075573625,415041
8911,python (3410),Compute,11075989458,129750
8912,python (3410),Compute,11076441458,473000
8913,python (3410),Compute,11076915250,474708
8914,python (3410),Compute,11077390791,138209
8915,python (3410),Compute,11077867958,490792
8916,python (3410),Compute,11078359583,429792
8917,python (3410),Compute,11078790000,120791
8918,python (3410),Compute,11079221333,355917
8919,python (3410),Compute,11079577875,385833
8920,python (3410),Compute,11079964375,119083
8927,python (3410),Compute,11080470583,358292
8930,python (3410),Compute,11080829500,416250
8933,python (3410),Compute,11081249541,139459
8934,python (3410),Compute,11081875375,442166
8935,python (3410),Compute,11082318125,404375
8936,python (3410),Compute,11082723166,128042
8937,python (3410),Compute,11083188166,468875
8947,python (3410),Compute,11083657708,604750
8960,python (3410),Compute,11084263250,129791
8961,python (3410),Compute,11084723083,476583
8962,python (3410),Compute,11085200333,456042
8963,python (3410),Compute,11085657250,128291
8964,python (3410),Compute,11086095041,457334
8965,python (3410),Compute,11086553458,422708
8966,python (3410),Compute,11086976791,118875
8967,python (3410),Compute,11087415958,358417
8968,python (3410),Compute,11087774958,382625
8969,python (3410),Compute,11088158208,122042
8970,python (3410),Compute,11088606666,357292
8971,python (3410),Compute,11088964541,384250
8972,python (3410),Compute,11089349416,120292
8977,python (3410),Compute,11089819041,386792
8988,python (3410),Compute,11090206500,417333
8993,python (3410),Compute,11090624583,124208
8994,python (3410),Compute,11091078333,481958
8995,python (3410),Compute,11091561500,563750
8996,python (3410),Compute,11092129000,141250
8997,python (3410),Compute,11092598208,493042
8998,python (3410),Compute,11093094916,470584
8999,python (3410),Compute,11093566208,131292
9000,python (3410),Compute,11094007875,387916
9001,python (3410),Compute,11094396500,473166
9002,python (3410),Compute,11094873583,130542
9003,python (3410),Compute,11095334208,357500
9004,python (3410),Compute,11095692291,383000
9005,python (3410),Compute,11096075916,119625
9010,python (3410),Compute,11096546125,371625
9015,python (3410),Compute,11096918375,435708
9016,python (3410),Compute,11097354708,131792
9017,python (3410),Compute,11097781041,436459
9018,python (3410),Compute,11098221083,429500
9019,python (3410),Compute,11098654291,136625
9020,python (3410),Compute,11099115041,378792
9021,python (3410),Compute,11099494416,405417
9022,python (3410),Compute,11099900458,125792
9029,python (3410),Compute,11100341375,686208
9045,python (3410),Compute,11101028333,434125
9046,python (3410),Compute,11101463291,120625
9047,python (3410),Compute,11101906958,462958
9048,python (3410),Compute,11102371041,462167
9049,python (3410),Compute,11102837000,120250
9050,python (3410),Compute,11103292166,366792
9051,python (3410),Compute,11103659541,386000
9052,python (3410),Compute,11104046208,122708
9053,python (3410),Compute,11104499833,356667
9058,python (3410),Compute,11104857125,390416
9061,python (3410),Compute,11105248125,125208
9062,python (3410),Compute,11105704833,454833
9063,python (3410),Compute,11106160708,479125
9064,python (3410),Compute,11106640541,142500
9065,python (3410),Compute,11107169458,387292
9066,python (3410),Compute,11107557416,411750
9067,python (3410),Compute,11107969875,130166
9076,python (3410),Compute,11108462875,587500
9090,python (3410),Compute,11109051000,386875
9091,python (3410),Compute,11109438666,121209
9092,python (3410),Compute,11109865000,406916
9093,python (3410),Compute,11110272583,474708
9094,python (3410),Compute,11110751041,125750
9095,python (3410),Compute,11111195083,436750
9096,python (3410),Compute,11111632875,390416
9097,python (3410),Compute,11112023833,121583
9098,python (3410),Compute,11112461333,355792
9099,python (3410),Compute,11112817750,385416
9106,python (3410),Compute,11113203791,120417
9107,python (3410),Compute,11113668916,440792
9108,python (3410),Compute,11114110541,487625
9109,python (3410),Compute,11114598875,126583
9110,python (3410),Compute,11115258000,429458
9111,python (3410),Compute,11115688041,405709
9112,python (3410),Compute,11116094458,128375
9113,python (3410),Compute,11116522791,638375
9135,python (3410),Compute,11117161791,365709
9136,python (3410),Compute,11117528250,120583
9137,python (3410),Compute,11117955500,427291
9138,python (3410),Compute,11118383500,432958
9139,python (3410),Compute,11118817083,132125
9140,python (3410),Compute,11119285708,357292
9141,python (3410),Compute,11119643625,418625
9142,python (3410),Compute,11120063083,129792
9143,python (3410),Compute,11120525333,355625
9144,python (3410),Compute,11120881458,382583
9145,python (3410),Compute,11121264666,119584
9146,python (3410),Compute,11121704916,358125
9147,python (3410),Compute,11122063666,384625
9152,python (3410),Compute,11122448958,125833
9157,python (3410),Compute,11122930625,433583
9158,python (3410),Compute,11123365208,460875
9159,python (3410),Compute,11123826875,143375
9160,python (3410),Compute,11124457625,387666
9161,python (3410),Compute,11124845916,401125
9162,python (3410),Compute,11125247666,121250
9171,python (3410),Compute,11125734000,628125
9185,python (3410),Compute,11126362833,401875
9186,python (3410),Compute,11126765416,123250
9187,python (3410),Compute,11127342083,367542
9188,python (3410),Compute,11127710208,392333
9189,python (3410),Compute,11128103208,121458
9190,python (3410),Compute,11128642833,364125
9191,python (3410),Compute,11129007666,393417
9192,python (3410),Compute,11129401750,124208
9193,python (3410),Compute,11129888958,363917
9194,python (3410),Compute,11130253458,398250
9201,python (3410),Compute,11130652375,121083
9202,python (3410),Compute,11131114875,361916
9203,python (3410),Compute,11131477416,395500
9204,python (3410),Compute,11131873541,128792
9205,python (3410),Compute,11132324833,365792
9206,python (3410),Compute,11132691208,396917
9207,python (3410),Compute,11133088750,122875
9208,python (3410),Compute,11133555958,604625
9230,python (3410),Compute,11134161166,388542
9231,python (3410),Compute,11134550416,121375
9232,python (3410),Compute,11135011750,359833
9233,python (3410),Compute,11135372166,399209
9234,python (3410),Compute,11135772083,122125
9235,python (3410),Compute,11136261916,368250
9236,python (3410),Compute,11136630833,399250
9237,python (3410),Compute,11137030666,120167
9238,python (3410),Compute,11137443833,357458
9239,python (3410),Compute,11137801875,392625
9240,python (3410),Compute,11138195208,128000
9241,python (3410),Compute,11138640250,360583
9242,python (3410),Compute,11139001500,396791
9243,python (3410),Compute,11139399083,119208
9244,python (3410),Compute,11139837875,359791
9245,python (3410),Compute,11140198291,386042
9246,python (3410),Compute,11140584958,119417
9247,python (3410),Compute,11141009291,358375
9248,python (3410),Compute,11141368333,388625
9249,python (3410),Compute,11141757750,119791
9250,python (3410),Compute,11142202083,359917
9251,python (3410),Compute,11142562708,385583
9252,python (3410),Compute,11142949000,119500
9253,python (3410),Compute,11143376041,359167
9254,python (3410),Compute,11143735875,411125
9255,python (3410),Compute,11144147791,130625
9256,python (3410),Compute,11144593083,360125
9257,python (3410),Compute,11144953958,386292
9258,python (3410),Compute,11145340875,122708
9259,python (3410),Compute,11145779708,360583
9260,python (3410),Compute,11146140958,403542
9261,python (3410),Compute,11146545291,125875
9262,python (3410),Compute,11146985875,377625
9263,python (3410),Compute,11147364291,419167
9264,python (3410),Compute,11147784375,136125
9265,python (3410),Compute,11148222250,349833
9266,python (3410),Compute,11148572750,389666
9267,python (3410),Compute,11148963208,124750
9268,python (3410),Compute,11149420916,363959
9269,python (3410),Compute,11149785458,384417
9270,python (3410),Compute,11150170541,119417
9271,python (3410),Compute,11150604833,441333
9272,python (3410),Compute,11151046791,440917
9273,python (3410),Compute,11151488375,133125
9274,python (3410),Compute,11151924375,423666
9275,python (3410),Compute,11152349250,461541
9276,python (3410),Compute,11152811416,129209
9277,python (3410),Compute,11153239083,361417
9278,python (3410),Compute,11153601083,385333
9279,python (3410),Compute,11153987000,119333
9280,python (3410),Compute,11154406916,357167
9281,python (3410),Compute,11154764666,394875
9286,python (3410),Compute,11155160208,119042
9287,python (3410),Compute,11155572416,444917
9288,python (3410),Compute,11156018125,488125
9289,python (3410),Compute,11156509875,119791
9290,python (3410),Compute,11157057416,358042
9291,python (3410),Compute,11157416083,385958
9292,python (3410),Compute,11157802666,119500
9293,python (3410),Compute,11158204541,356417
9294,python (3410),Compute,11158561541,721542
9316,python (3410),Compute,11159283791,120042
9317,python (3410),Compute,11159685791,382875
9318,python (3410),Compute,11160069333,395833
9319,python (3410),Compute,11160465916,123542
9320,python (3410),Compute,11160878375,382708
9321,python (3410),Compute,11161262125,434625
9322,python (3410),Compute,11161700416,140792
9323,python (3410),Compute,11162125458,381583
9324,python (3410),Compute,11162510583,412292
9325,python (3410),Compute,11162924041,143292
9326,python (3410),Compute,11163364000,356666
9327,python (3410),Compute,11163721500,368083
9328,python (3410),Compute,11164090208,114208
9329,python (3410),Compute,11164495833,351750
9330,python (3410),Compute,11164848166,396834
9331,python (3410),Compute,11165249083,127958
9332,python (3410),Compute,11165703458,355542
9333,python (3410),Compute,11166059625,386125
9334,python (3410),Compute,11166446333,123875
9335,python (3410),Compute,11166895375,470791
9336,python (3410),Compute,11167370166,498959
9337,python (3410),Compute,11167873208,149625
9338,python (3410),Compute,11168344708,411167
9339,python (3410),Compute,11168761708,473667
9340,python (3410),Compute,11169239166,144084
9341,python (3410),Compute,11169709666,464250
9342,python (3410),Compute,11170174541,395292
9343,python (3410),Compute,11170570458,121500
9344,python (3410),Compute,11170994375,356416
9345,python (3410),Compute,11171351458,480500
9346,python (3410),Compute,11171835791,129042
9347,python (3410),Compute,11172287958,425000
9348,python (3410),Compute,11172717041,441959
9349,python (3410),Compute,11173163083,118958
9350,python (3410),Compute,11173763458,363292
9351,python (3410),Compute,11174127375,385500
9352,python (3410),Compute,11174513500,125791
9353,python (3410),Compute,11174946125,462000
9354,python (3410),Compute,11175412041,508292
9355,python (3410),Compute,11175924375,161291
9356,python (3410),Compute,11176403833,437458
9357,python (3410),Compute,11176842041,519125
9358,python (3410),Compute,11177364875,140500
9359,python (3410),Compute,11177827333,466750
9360,python (3410),Compute,11178298041,417125
9361,python (3410),Compute,11178715791,119459
9362,python (3410),Compute,11179147833,458500
9363,python (3410),Compute,11179607166,471417
9364,python (3410),Compute,11180082250,130916
9365,python (3410),Compute,11180553416,425167
9366,python (3410),Compute,11180982500,463541
9367,python (3410),Compute,11181450125,118958
9368,python (3410),Compute,11181932458,405083
9369,python (3410),Compute,11182341458,467042
9370,python (3410),Compute,11182812166,134042
9371,python (3410),Compute,11183285458,467083
9372,python (3410),Compute,11183756500,506041
9373,python (3410),Compute,11184266625,150000
9374,python (3410),Compute,11184754625,454458
9375,python (3410),Compute,11185210083,508667
9376,python (3410),Compute,11185722500,135458
9377,python (3410),Compute,11186195250,443708
9378,python (3410),Compute,11186642833,387708
9379,python (3410),Compute,11187031208,120792
9380,python (3410),Compute,11187458083,442167
9381,python (3410),Compute,11187901125,460625
9382,python (3410),Compute,11188366750,120958
9383,python (3410),Compute,11188793208,341042
9384,python (3410),Compute,11189134833,369792
9385,python (3410),Compute,11189505250,115458
9386,python (3410),Compute,11189931541,346792
9387,python (3410),Compute,11190278916,384792
9388,python (3410),Compute,11190664333,120167
9389,python (3410),Compute,11191106375,357500
9390,python (3410),Compute,11191465041,477125
9400,python (3410),Compute,11191942916,120000
9401,python (3410),Compute,11192399541,356459
9402,python (3410),Compute,11192756625,384750
9403,python (3410),Compute,11193142083,120375
9404,python (3410),Compute,11193575458,357417
9405,python (3410),Compute,11193933458,384167
9406,python (3410),Compute,11194318291,119334
9407,python (3410),Compute,11194742583,357083
9408,python (3410),Compute,11195100250,377041
9409,python (3410),Compute,11195478000,114833
9410,python (3410),Compute,11195908416,341209
9411,python (3410),Compute,11196250291,369042
9412,python (3410),Compute,11196620000,114500
9413,python (3410),Compute,11197051416,341542
9414,python (3410),Compute,11197393625,369125
9415,python (3410),Compute,11197763333,114750
9416,python (3410),Compute,11198162833,343333
9417,python (3410),Compute,11198506833,384250
9418,python (3410),Compute,11198891708,119792
9419,python (3410),Compute,11199305541,359084
9420,python (3410),Compute,11199665333,422042
9421,python (3410),Compute,11200088083,134167
9422,python (3410),Compute,11200542125,464166
9423,python (3410),Compute,11201010208,507917
9424,python (3410),Compute,11201522166,147959
9425,python (3410),Compute,11201998416,455584
9426,python (3410),Compute,11202455000,450666
9427,python (3410),Compute,11202906291,131500
9428,python (3410),Compute,11203382000,339833
9429,python (3410),Compute,11203722458,367292
9430,python (3410),Compute,11204090375,129000
9431,python (3410),Compute,11204546083,446625
9432,python (3410),Compute,11204993541,470000
9433,python (3410),Compute,11205467375,119666
9434,python (3410),Compute,11205903083,430000
9435,python (3410),Compute,11206333708,424167
9436,python (3410),Compute,11206758666,126750
9437,python (3410),Compute,11207198125,442666
9438,python (3410),Compute,11207644708,480875
9439,python (3410),Compute,11208129375,129250
9440,python (3410),Compute,11208563833,463917
9441,python (3410),Compute,11209028625,501500
9442,python (3410),Compute,11209534166,151834
9443,python (3410),Compute,11210016166,422750
9444,python (3410),Compute,11210442875,473916
9445,python (3410),Compute,11210920500,136500
9446,python (3410),Compute,11211343583,349250
9447,python (3410),Compute,11211693416,403417
9448,python (3410),Compute,11212097541,115500
9449,python (3410),Compute,11212530166,433667
9450,python (3410),Compute,11212964708,463500
9451,python (3410),Compute,11213431958,125875
9452,python (3410),Compute,11213856166,373709
9453,python (3410),Compute,11214233833,394667
9454,python (3410),Compute,11214629125,115750
9455,python (3410),Compute,11215247166,419834
9456,python (3410),Compute,11215667625,466791
9457,python (3410),Compute,11216135041,124334
9458,python (3410),Compute,11216562250,441833
9459,python (3410),Compute,11217008041,509584
9460,python (3410),Compute,11217521666,143292
9461,python (3410),Compute,11217992791,435584
9462,python (3410),Compute,11218429000,510208
9463,python (3410),Compute,11218943000,132625
9464,python (3410),Compute,11219388041,340834
9465,python (3410),Compute,11219729458,416542
9466,python (3410),Compute,11220146625,114166
9467,python (3410),Compute,11220600041,338834
9468,python (3410),Compute,11220939333,370875
9469,python (3410),Compute,11221310791,114709
9470,python (3410),Compute,11221754208,394875
9471,python (3410),Compute,11222153041,447792
9472,python (3410),Compute,11222604875,123875
9473,python (3410),Compute,11224071041,23625
